﻿<?xml version="1.0" encoding="utf-8"?><scraper framework="11" date="2018-08-10" name="Spizoo-scraper" content="movies" thumb="icon.png" language="en">
	<NfoUrl dest="3">
		<RegExp input="$$1" output="&lt;url&gt;http://www.spizoo.com/updates/\1.html&lt;/url&gt;" dest="3">
			<expression noclean="1">spizoo.com/updates/([^/]*)</expression>
		</RegExp>
	</NfoUrl>
	<CreateSearchUrl dest="3">
		<RegExp input="$$1" output="&lt;url&gt;http://www.spizoo.com/search.php?query=\1&lt;/url&gt;" dest="3">
			<expression clear="yes" noclean="1" />
		</RegExp>
	</CreateSearchUrl>
	<GetSearchResults dest="6">
		<RegExp input="$$4" output="&lt;?xml version=&quot;1.0&quot; encoding=&quot;UTF-8&quot; standalone=&quot;yes&quot;?&gt;&lt;results&gt;\1&lt;/results&gt;" dest="6+">
			<RegExp input="$$1" output="&lt;entity&gt;&lt;title&gt;\1&lt;/title&gt;&lt;url&gt;http://www.spizoo.com/updates/\2&lt;/url&gt;&lt;/entity&gt;" dest="4+">
				<expression repeat="yes" clear="yes">&lt;a title="([^"]*)".href="https://www.spizoo.com/updates/([^"]*)</expression>
			</RegExp>
			<expression noclean="1" />
		</RegExp>
	</GetSearchResults>
	<GetDetails dest="7">
		<RegExp input="$$5" output="&lt;?xml version=&quot;1.0&quot; encoding=&quot;utf-8&quot; standalone=&quot;yes&quot;?&gt;&lt;details&gt;\1&lt;/details&gt;" dest="7">
			<RegExp input="$$1" output="&lt;plot&gt;\1&lt;/plot&gt;" dest="5+">
				<expression trim="1,2,3,4,5,6,7,8,9">&lt;p class="description"&gt;([^&lt;]*)</expression>
			</RegExp>
			<RegExp input="$$1" output="&lt;outline&gt;\1.&lt;/outline&gt;" dest="5+">
				<expression trim="1">&lt;p class="description"&gt;([^.]*)</expression>
			</RegExp>
			<RegExp input="$$1" output="&lt;lockdata&gt;false&lt;/lockdata&gt;" dest="5+">
				<expression />
			</RegExp>
			<RegExp input="$$1" output="&lt;dateadded&gt;&lt;/dateadded&gt;" dest="5+">
				<expression />
			</RegExp>
			<RegExp input="$$1" output="&lt;title&gt;\1&lt;/title&gt;" dest="5+">
				<expression trim="1">&lt;div class="col-12"&gt;\s*&lt;h1&gt;([^&lt;]*)&lt;/h1&gt;</expression>
			</RegExp>
			<RegExp input="$$1" output="&lt;year&gt;\1&lt;/year&gt;" dest="5+">
				<expression noclean="1">&lt;p class="date"&gt;([0-9]*)</expression>
			</RegExp>
			<RegExp input="$$1" output="&lt;premiered&gt;\1&lt;/premiered&gt;" dest="5+">
				<expression>&lt;p class="date"&gt;([^&lt;]*)</expression>
			</RegExp>
			<RegExp input="$$1" output="&lt;releasedate&gt;\1&lt;/releasedate&gt;" dest="5+">
				<expression>&lt;p class="date"&gt;([^&lt;]*)</expression>
			</RegExp>
			<RegExp input="$$1" output="&lt;runtime&gt;&lt;/runtime&gt;" dest="5+">
				<expression />
			</RegExp>
			<RegExp input="$$8" output="&lt;genre&gt;\1&lt;/genre&gt;" dest="5+">
				<RegExp input="$$1" output="\1" dest="8">
					<expression noclean="1">&lt;div class="col-12"&gt;\s*&lt;h3 &gt;Categories:&lt;/h3&gt;(.*?)&lt;/div&gt;</expression>
				</RegExp>
				<expression repeat="yes" trim="1">&lt;a href=[^&gt;]*&gt;([^&lt;]*)</expression>
			</RegExp>
			<RegExp input="$$1" output="&lt;studio&gt;&lt;/studio&gt;" dest="5+">
				<expression />
			</RegExp>
			<RegExp input="$$1" output="&lt;thumb aspect=&quot;poster&quot;&gt;&lt;/thumb&gt;" dest="5+">
				<expression noclean="1" />
			</RegExp>
			<RegExp conditional="fanart" input="$$1" output="&lt;fanart&gt;&lt;thumb preview=&quot;http://www.spizoo.com/content/\1/3.jpg&quot;&gt;http://www.spizoo.com/content/\1/3.jpg&lt;/thumb&gt;&lt;thumb preview=&quot;http://www.spizoo.com/content/\1/0.jpg&quot;&gt;http://www.spizoo.com/content/\1/0.jpg&lt;/thumb&gt;&lt;thumb preview=&quot;http://www.spizoo.com/content/\1/1.jpg&quot;&gt;http://www.spizoo.com/content/\1/1.jpg&lt;/thumb&gt;&lt;thumb preview=&quot;http://www.spizoo.com/content/\1/2.jpg&quot;&gt;http://www.spizoo.com/content/\1/2.jpg&lt;/thumb&gt;&lt;thumb preview=&quot;http://www.spizoo.com/content/\1/4.jpg&quot;&gt;http://www.spizoo.com/content/\1/4.jpg&lt;/thumb&gt;&lt;thumb preview=&quot;http://www.spizoo.com/content/\1/5.jpg&quot;&gt;http://www.spizoo.com/content/\1/5.jpg&lt;/thumb&gt;&lt;thumb preview=&quot;http://www.spizoo.com/content/\1/6.jpg&quot;&gt;http://www.spizoo.com/content/\1/6.jpg&lt;/thumb&gt;&lt;thumb preview=&quot;http://www.spizoo.com/content/\1/7.jpg&quot;&gt;http://www.spizoo.com/content/\1/7.jpg&lt;/thumb&gt;&lt;/fanart&gt;" dest="5+">
				<expression>src="content([^.]+)/</expression>
			</RegExp>
			<RegExp conditional="thumb" input="$$1" output="&lt;thumb&gt;&lt;/thumb&gt;" dest="5+">
				<expression noclean="1" />
			</RegExp>
			<RegExp input="$$9" output="&lt;actor&gt;&lt;name&gt;\2&lt;/name&gt;&lt;type&gt;Actor&lt;/type&gt;&lt;thumb&gt;&lt;/thumb&gt;&lt;profile&gt;http://spizoo.com/tour/models/\1&lt;/profile&gt;&lt;/actor&gt;" dest="5+">
				<RegExp input="$$1" output="\1" dest="9">
					<expression noclean="1">&lt;div class="col-3"&gt;\s*&lt;h3&gt;Pornstars:&lt;/h3&gt;(.*)&lt;/div&gt;</expression>
				</RegExp>
				<expression repeat="yes">&lt;a href='/tour/models/([^']*)'&gt;([^.]*).</expression>
			</RegExp>
			<RegExp input="$$1" output="&lt;tagline&gt;&lt;/tagline&gt;" dest="5+">
				<expression />
			</RegExp>
			<RegExp input="$$1" output="&lt;mpaa&gt;Rated NC-17&lt;/mpaa&gt;" dest="5+">
				<expression />
			</RegExp>
			<RegExp input="$$1" output="&lt;country&gt;USA&lt;/country&gt;" dest="5+">
				<expression />
			</RegExp>
			<RegExp conditional="trailer_enable" input="$$1" output="&lt;trailer&gt;http://spizoo.com/trailers/\1&lt;/trailer&gt;" dest="5+">
				<expression noclean="1">&lt;source src="/trailers/([^"]*)</expression>
			</RegExp>
			<RegExp input="$$1" output="&lt;director&gt;&lt;/director&gt;" dest="5+">
				<expression noclean="1" />
			</RegExp>
			<RegExp input="$$1" output="&lt;credits&gt;Spizoo&lt;/credits&gt;" dest="5+">
				<expression noclean="1" />
			</RegExp>
			<expression noclean="1" />
		</RegExp>
	</GetDetails>
</scraper>