<?xml version="1.0" encoding="UTF-8" standalone="yes"?>
<addon id="metadata.movie.digitalplayground.com" 
	   name="Digital Playground-scraper"
	   version="0.0.1"
	   provider-name="GugZi">
  <requires>
    <import addon="xbmc.metadata" version="2.1.0"/>
    <import addon="metadata.common.themoviedb.org" version="3.1.0"/>
  </requires>
  <extension point="xbmc.metadata.scraper.movies"
             language="en"
			 library="digitalplayground.xml"/>
  <extension point="xbmc.addon.metadata">
    <summary lang="en">digitalplayground.com scraper</summary>
    <description lang="en">Download XXX scene information from digitalplayground..com</description>
    <platform>all</platform>
  </extension>
</addon>