<?xml version="1.0" encoding="UTF-8" standalone="yes"?>
<addon id="metadata.movie.spizoo.com" 
	   name="Spizoo-scraper"
	   version="1.0.2"
	   provider-name="GugZi">
  <requires>
    <import addon="xbmc.metadata" version="2.1.0"/>
    <import addon="metadata.common.themoviedb.org" version="3.1.0"/>
  </requires>
  <extension point="xbmc.metadata.scraper.movies"
             language="en"
			 library="spizoo.xml"/>
  <extension point="xbmc.addon.metadata">
  <news>
	<extension point="changelog.txt">
  </news>
    <summary lang="en">Spizoo.com scraper</summary>
    <description lang="en">Download XXX scene information from spizoo.com</description>
    <language></language>
    <platform>all</platform>
  </extension>
</addon>